{
    "author":"",
    "bugs":"",
    "changelog":"",
    "contributors":[],
    "dependencies":{},
    "description":"",
    "devDependencies":{},
    "documentation":"",
    "homepage":"",
    "ignore":[
        "**/.*",
        "/test/",
        "/tests/"
    ],
    "installPaths":{},
    "instructions":"",
    "keywords":[],
    "license":[
        {
            "type":"",
            "URL":""
        }
    ],
    "location":"ForgeboxStorage",
    "name":"My Package",
    "private":false,
    "projectURL":"",
    "reinitWatchDelay":500,
    "reinitWatchDirectory":"",
    "reinitWatchPaths":"",
    "repository":{
        "type":"",
        "URL":""
    },
    "scripts":{},
    "shortDescription":"A sweet package",
    "slug":"my-package",
    "testbox":{
        "bundles":"",
        "directory":"tests.specs",
        "excludes":"",
        "labels":"",
        "options":{},
        "recurse":true,
        "reporter":"",
        "runner":[
            {
                "default":""
            }
        ],
        "testBundles":"",
        "testSpecs":"",
        "testSuites":"",
        "verbose":true,
        "watchDelay":500,
        "watchPaths":"**.cfc"
    },
    "type":"modules",
    "version":"0.0.0"
}
